지역명,매장명,지역명_매장명,전화번호,링크
길동-448,서울특별시 강동구 길동 “스마트폰 충전” 검색 결과,길동-448_서울특별시 강동구 길동 “스마트폰 충전” 검색 결과,010-2627-1949,https://www.daangn.com/kr/local-profile/?in=%EA%B8%B8%EB%8F%99-448&search=%EC%8A%A4%EB%A7%88%ED%8A%B8%ED%8F%B0+%EC%B6%A9%EC%A0%84
길동-448,서울특별시 강동구 길동 “스마트폰 충전” 검색 결과,길동-448_서울특별시 강동구 길동 “스마트폰 충전” 검색 결과,010-7332-3020,https://www.daangn.com/kr/local-profile/?in=%EA%B8%B8%EB%8F%99-448&search=%EC%8A%A4%EB%A7%88%ED%8A%B8%ED%8F%B0+%EC%B6%A9%EC%A0%84
길동-448,서울특별시 강동구 길동 “스마트폰 충전” 검색 결과,길동-448_서울특별시 강동구 길동 “스마트폰 충전” 검색 결과,010-3325-3398,https://www.daangn.com/kr/local-profile/?in=%EA%B8%B8%EB%8F%99-448&search=%EC%8A%A4%EB%A7%88%ED%8A%B8%ED%8F%B0+%EC%B6%A9%EC%A0%84
길동-448,서울특별시 강동구 길동 “스마트폰 충전” 검색 결과,길동-448_서울특별시 강동구 길동 “스마트폰 충전” 검색 결과,010-5432-4346,https://www.daangn.com/kr/local-profile/?in=%EA%B8%B8%EB%8F%99-448&search=%EC%8A%A4%EB%A7%88%ED%8A%B8%ED%8F%B0+%EC%B6%A9%EC%A0%84
길동-448,서울특별시 강동구 길동 “스마트폰 충전” 검색 결과,길동-448_서울특별시 강동구 길동 “스마트폰 충전” 검색 결과,010-2987-9523,https://www.daangn.com/kr/local-profile/?in=%EA%B8%B8%EB%8F%99-448&search=%EC%8A%A4%EB%A7%88%ED%8A%B8%ED%8F%B0+%EC%B6%A9%EC%A0%84
길동-448,서울특별시 강동구 길동 “스마트폰 충전” 검색 결과,길동-448_서울특별시 강동구 길동 “스마트폰 충전” 검색 결과,010-2299-7820,https://www.daangn.com/kr/local-profile/?in=%EA%B8%B8%EB%8F%99-448&search=%EC%8A%A4%EB%A7%88%ED%8A%B8%ED%8F%B0+%EC%B6%A9%EC%A0%84
길동-448,서울특별시 강동구 길동 “스마트폰 충전” 검색 결과,길동-448_서울특별시 강동구 길동 “스마트폰 충전” 검색 결과,010-5243-3569,https://www.daangn.com/kr/local-profile/?in=%EA%B8%B8%EB%8F%99-448&search=%EC%8A%A4%EB%A7%88%ED%8A%B8%ED%8F%B0+%EC%B6%A9%EC%A0%84
길동-448,서울특별시 강동구 길동 “스마트폰 충전” 검색 결과,길동-448_서울특별시 강동구 길동 “스마트폰 충전” 검색 결과,010-2127-7010,https://www.daangn.com/kr/local-profile/?in=%EA%B8%B8%EB%8F%99-448&search=%EC%8A%A4%EB%A7%88%ED%8A%B8%ED%8F%B0+%EC%B6%A9%EC%A0%84
길동-448,서울특별시 강동구 길동 “스마트폰 충전” 검색 결과,길동-448_서울특별시 강동구 길동 “스마트폰 충전” 검색 결과,010-6470-6116,https://www.daangn.com/kr/local-profile/?in=%EA%B8%B8%EB%8F%99-448&search=%EC%8A%A4%EB%A7%88%ED%8A%B8%ED%8F%B0+%EC%B6%A9%EC%A0%84
서울 특별시,서울중고폰 폰당포 영등포점,서울 특별시_서울중고폰 폰당포 영등포점,010-3222-5521,https://www.daangn.com/kr/local-profile/%EC%84%9C%EC%9A%B8%EC%A4%91%EA%B3%A0%ED%8F%B0-%ED%8F%B0%EB%8B%B9%ED%8F%AC-%EC%98%81%EB%93%B1%ED%8F%AC%EC%A0%90-iart7gzjhfyo/
서울 특별시,휴대폰성지,서울 특별시_휴대폰성지,010-6777-5111,https://www.daangn.com/kr/local-profile/%ED%9C%B4%EB%8C%80%ED%8F%B0%EC%84%B1%EC%A7%80-e712be3u54yx/
서초4동-366,서울특별시 서초구 서초4동 “중고폰판매” 검색 결과,서초4동-366_서울특별시 서초구 서초4동 “중고폰판매” 검색 결과,010-3853-9234,https://www.daangn.com/kr/local-profile/?in=%EC%84%9C%EC%B4%884%EB%8F%99-366&search=%EC%A4%91%EA%B3%A0%ED%8F%B0%ED%8C%90%EB%A7%A4
서초4동-366,서울특별시 서초구 서초4동 “중고폰판매” 검색 결과,서초4동-366_서울특별시 서초구 서초4동 “중고폰판매” 검색 결과,010-6543-2084,https://www.daangn.com/kr/local-profile/?in=%EC%84%9C%EC%B4%884%EB%8F%99-366&search=%EC%A4%91%EA%B3%A0%ED%8F%B0%ED%8C%90%EB%A7%A4
서초4동-366,서울특별시 서초구 서초4동 “중고폰판매” 검색 결과,서초4동-366_서울특별시 서초구 서초4동 “중고폰판매” 검색 결과,010-8995-7062,https://www.daangn.com/kr/local-profile/?in=%EC%84%9C%EC%B4%884%EB%8F%99-366&search=%EC%A4%91%EA%B3%A0%ED%8F%B0%ED%8C%90%EB%A7%A4
서초4동-366,서울특별시 서초구 서초4동 “중고폰판매” 검색 결과,서초4동-366_서울특별시 서초구 서초4동 “중고폰판매” 검색 결과,010-2323-8484,https://www.daangn.com/kr/local-profile/?in=%EC%84%9C%EC%B4%884%EB%8F%99-366&search=%EC%A4%91%EA%B3%A0%ED%8F%B0%ED%8C%90%EB%A7%A4
서초4동-366,서울특별시 서초구 서초4동 “중고폰판매” 검색 결과,서초4동-366_서울특별시 서초구 서초4동 “중고폰판매” 검색 결과,010-6297-0577,https://www.daangn.com/kr/local-profile/?in=%EC%84%9C%EC%B4%884%EB%8F%99-366&search=%EC%A4%91%EA%B3%A0%ED%8F%B0%ED%8C%90%EB%A7%A4
신원동-352,서울특별시 관악구 신원동 “스마트폰 충전” 검색 결과,신원동-352_서울특별시 관악구 신원동 “스마트폰 충전” 검색 결과,010-2815-2860,https://www.daangn.com/kr/local-profile/?in=%EC%8B%A0%EC%9B%90%EB%8F%99-352&search=%EC%8A%A4%EB%A7%88%ED%8A%B8%ED%8F%B0%20%EC%B6%A9%EC%A0%84
신원동-352,서울특별시 관악구 신원동 “스마트폰 충전” 검색 결과,신원동-352_서울특별시 관악구 신원동 “스마트폰 충전” 검색 결과,010-4526-9987,https://www.daangn.com/kr/local-profile/?in=%EC%8B%A0%EC%9B%90%EB%8F%99-352&search=%EC%8A%A4%EB%A7%88%ED%8A%B8%ED%8F%B0%20%EC%B6%A9%EC%A0%84
신원동-352,서울특별시 관악구 신원동 “스마트폰 충전” 검색 결과,신원동-352_서울특별시 관악구 신원동 “스마트폰 충전” 검색 결과,010-7665-1627,https://www.daangn.com/kr/local-profile/?in=%EC%8B%A0%EC%9B%90%EB%8F%99-352&search=%EC%8A%A4%EB%A7%88%ED%8A%B8%ED%8F%B0%20%EC%B6%A9%EC%A0%84
신원동-352,서울특별시 관악구 신원동 “스마트폰 충전” 검색 결과,신원동-352_서울특별시 관악구 신원동 “스마트폰 충전” 검색 결과,010-2867-0733,https://www.daangn.com/kr/local-profile/?in=%EC%8B%A0%EC%9B%90%EB%8F%99-352&search=%EC%8A%A4%EB%A7%88%ED%8A%B8%ED%8F%B0%20%EC%B6%A9%EC%A0%84
신원동-352,서울특별시 관악구 신원동 “스마트폰 충전” 검색 결과,신원동-352_서울특별시 관악구 신원동 “스마트폰 충전” 검색 결과,010-6297-0577,https://www.daangn.com/kr/local-profile/?in=%EC%8B%A0%EC%9B%90%EB%8F%99-352&search=%EC%8A%A4%EB%A7%88%ED%8A%B8%ED%8F%B0%20%EC%B6%A9%EC%A0%84
종로5-6가동-12,휴대폰 성지,종로5-6가동-12_휴대폰 성지,010-2131-0374,https://www.daangn.com/kr/local-profile/%ED%9C%B4%EB%8C%80%ED%8F%B0-%EC%84%B1%EC%A7%80-5pqke4neaon5/?in=%EC%A2%85%EB%A1%9C5-6%EA%B0%80%EB%8F%99-12
